sample_id,site,treatment
1-827-1-1-1-Root-AMF,FieldA,Control
10-405-1-5-1-Root-AMF,FieldA,Treated
11-419-1-6-5-Root-AMF,FieldB,Control
12-545-1-7-5-Root-AMF,FieldB,Treated
13a-533-1-8-4-Root-AMF,FieldC,Control
14-416-1-8-2-Root-AMF,FieldC,Treated
15-437-1-9-2-Root-AMF,FieldA,Control
16-233-2-1-2-Root-AMF,FieldA,Treated
17-972-2-1-4-Root-AMF,FieldB,Control
18-567-2-2-Root-AMF,FieldB,Treated
19-258-2-2-4-Root-AMF,FieldC,Control
20a-543-2-3-5-Root-AMF,FieldC,Treated
20b-543-1-4-1-Root-AMF,FieldA,Control
21-206-2-5-1-Root-AMF,FieldA,Treated
22-218-2-5-3-Root-AMF,FieldB,Control
23a-601-2-5-4-Root-AMF,FieldB,Treated
24a-411-2-6-5-Root-AMF,FieldC,Control
25-808-2-7-4-Root-AMF,FieldC,Treated
2a-543-2-3-5-Root-AMF,FieldA,Control
3-427-1-2-1-Root-AMF,FieldA,Treated
4-342-1-2-2-Root-AMF,FieldB,Control
5-973-1-3-1-Root-AMF,FieldB,Treated
6-564-1-3-2-Root-AMF,FieldC,Control
7a-522-1-3-3-Root-AMF,FieldC,Treated
8-588-1-3-4-Root-AMF,FieldA,Control
9-572-1-4-3-Root-AMF,FieldA,Treated
